address;source_location;insn;indent
0x402a30;:0;ADD	X4, X4, #1;
0x402a34;:0;LDR	X1, [X29, #1048];
0x402a38;:0;LDR	Q30, [X7, X0];
0x402a3c;:0;LDR	Q1, [X5, X0];
0x402a40;:0;LDR	Q2, [X1, X0];
0x402a44;:0;LDR	X1, [X29, #992];
0x402a48;:0;LDR	Q11, [X8, X0];
0x402a4c;:0;LDR	Q24, [X9, X0];
0x402a50;:0;LDR	Q0, [X1, X0];
0x402a54;:0;LDR	X1, [X29, #1008];
0x402a58;:0;FMUL	V2.2D, V2.2D, V11.2D;
0x402a5c;:0;FMUL	V1.2D, V0.2D, V1.2D;
0x402a60;:0;LDR	Q13, [X1, X0];
0x402a64;:0;LDR	X1, [X29, #1024];
0x402a68;:0;FMUL	V14.2D, V13.2D, V30.2D;
0x402a6c;:0;LDR	Q17, [X1, X0];
0x402a70;:0;LDR	X1, [X29, #1016];
0x402a74;:0;STR	Q14, [X29, #1472];
0x402a78;:0;LDR	Q14, [X10, X0];
0x402a7c;:0;LDR	Q12, [X1, X0];
0x402a80;:0;LDR	X1, [X29, #1040];
0x402a84;:0;FMUL	V11.2D, V17.2D, V12.2D;
0x402a88;:0;LDR	Q30, [X1, X0];
0x402a8c;:0;LDR	X1, [X29, #1320];
0x402a90;:0;STR	Q11, [X29, #1456];
0x402a94;:0;CMP	X1, X4;
0x402a98;:0;LDR	X1, [X29, #1032];
0x402a9c;:0;LDR	Q0, [X1, X0];
0x402aa0;:0;LDR	X1, [X29, #1056];
0x402aa4;:0;FMUL	V13.2D, V30.2D, V0.2D;
0x402aa8;:0;LDR	Q17, [X1, X0];
0x402aac;:0;LDR	X1, [X29, #1064];
0x402ab0;:0;STR	Q13, [X29, #1440];
0x402ab4;:0;FMUL	V24.2D, V17.2D, V24.2D;
0x402ab8;:0;LDR	Q12, [X1, X0];
0x402abc;:0;LDR	X1, [X29, #1080];
0x402ac0;:0;STR	Q24, [X29, #1424];
0x402ac4;:0;FMUL	V11.2D, V12.2D, V14.2D;
0x402ac8;:0;LDR	Q30, [X1, X0];
0x402acc;:0;LDR	X1, [X29, #1072];
0x402ad0;:0;STR	Q11, [X29, #1408];
0x402ad4;:0;LDR	Q0, [X1, X0];
0x402ad8;:0;LDR	X1, [X29, #1096];
0x402adc;:0;LDR	Q12, [X11, X0];
0x402ae0;:0;FMUL	V13.2D, V30.2D, V0.2D;
0x402ae4;:0;LDR	Q0, [X12, X0];
0x402ae8;:0;LDR	Q14, [X1, X0];
0x402aec;:0;LDR	X1, [X29, #1088];
0x402af0;:0;STR	Q13, [X29, #1392];
0x402af4;:0;LDR	Q17, [X1, X0];
0x402af8;:0;LDR	X1, [X29, #1104];
0x402afc;:0;FMUL	V24.2D, V14.2D, V17.2D;
0x402b00;:0;LDR	Q11, [X1, X0];
0x402b04;:0;LDR	X1, [X29, #1112];
0x402b08;:0;STR	Q24, [X29, #1376];
0x402b0c;:0;FMUL	V30.2D, V11.2D, V12.2D;
0x402b10;:0;LDR	Q13, [X1, X0];
0x402b14;:0;LDR	X1, [X29, #1128];
0x402b18;:0;STR	Q30, [X29, #1360];
0x402b1c;:0;FMUL	V14.2D, V13.2D, V0.2D;
0x402b20;:0;LDR	Q0, [X13, X0];
0x402b24;:0;LDR	Q17, [X1, X0];
0x402b28;:0;LDR	X1, [X29, #1120];
0x402b2c;:0;STR	Q14, [X29, #1344];
0x402b30;:0;LDR	Q24, [X1, X0];
0x402b34;:0;LDR	X1, [X29, #1144];
0x402b38;:0;FMUL	V11.2D, V17.2D, V24.2D;
0x402b3c;:0;LDR	Q17, [X14, X0];
0x402b40;:0;LDR	Q12, [X1, X0];
0x402b44;:0;LDR	X1, [X29, #1136];
0x402b48;:0;LDR	Q30, [X1, X0];
0x402b4c;:0;LDR	X1, [X29, #1152];
0x402b50;:0;FMUL	V12.2D, V12.2D, V30.2D;
0x402b54;:0;LDR	Q13, [X1, X0];
0x402b58;:0;LDR	X1, [X29, #1160];
0x402b5c;:0;FMUL	V13.2D, V13.2D, V0.2D;
0x402b60;:0;LDR	Q14, [X1, X0];
0x402b64;:0;LDR	X1, [X29, #1176];
0x402b68;:0;FMUL	V14.2D, V14.2D, V17.2D;
0x402b6c;:0;LDR	Q24, [X1, X0];
0x402b70;:0;LDR	X1, [X29, #1168];
0x402b74;:0;LDR	Q30, [X1, X0];
0x402b78;:0;LDR	X1, [X29, #1184];
0x402b7c;:0;FMUL	V17.2D, V24.2D, V30.2D;
0x402b80;:0;LDR	Q30, [X30, X0];
0x402b84;:0;LDR	Q0, [X1, X0];
0x402b88;:0;LDR	X1, [X29, #1296];
0x402b8c;:0;STR	Q0, [X29, #1328];
0x402b90;:0;LDR	Q24, [X1, X0];
0x402b94;:0;LDR	X1, [X29, #1288];
0x402b98;:0;LDR	Q0, [X1, X0];
0x402b9c;:0;LDR	X1, [X29, #1280];
0x402ba0;:0;FMUL	V24.2D, V24.2D, V0.2D;
0x402ba4;:0;ORR	V0.16B, V27.16B, V27.16B;
0x402ba8;:0;FMLA	V0.2D, V16.2D, V10.2D;
0x402bac;:0;FMLA	V0.2D, V19.2D, V10.2D;
0x402bb0;:0;FMLA	V0.2D, V10.2D, V24.2D;
0x402bb4;:0;LDR	Q24, [X1, X0];
0x402bb8;:0;LDR	X1, [X29, #1272];
0x402bbc;:0;FMUL	V30.2D, V24.2D, V30.2D;
0x402bc0;:0;LDR	Q24, [X1, X0];
0x402bc4;:0;LDR	X1, [X29, #1264];
0x402bc8;:0;FMLA	V0.2D, V10.2D, V30.2D;
0x402bcc;:0;LDR	Q30, [X28, X0];
0x402bd0;:0;FMUL	V30.2D, V24.2D, V30.2D;
0x402bd4;:0;LDR	Q24, [X1, X0];
0x402bd8;:0;LDR	X1, [X29, #1256];
0x402bdc;:0;FMLA	V0.2D, V10.2D, V30.2D;
0x402be0;:0;LDR	Q30, [X1, X0];
0x402be4;:0;LDR	X1, [X29, #1248];
0x402be8;:0;FMUL	V24.2D, V24.2D, V30.2D;
0x402bec;:0;LDR	Q30, [X26, X0];
0x402bf0;:0;FMLA	V0.2D, V10.2D, V24.2D;
0x402bf4;:0;LDR	Q24, [X1, X0];
0x402bf8;:0;LDR	X1, [X29, #1240];
0x402bfc;:0;FMLA	V0.2D, V9.2D, V26.2D;
0x402c00;:0;FMUL	V30.2D, V24.2D, V30.2D;
0x402c04;:0;LDR	Q24, [X1, X0];
0x402c08;:0;FMLA	V0.2D, V9.2D, V28.2D;
0x402c0c;:0;LDR	X1, [X29, #1232];
0x402c10;:0;FMLA	V0.2D, V9.2D, V30.2D;
0x402c14;:0;LDR	Q30, [X25, X0];
0x402c18;:0;FMUL	V30.2D, V24.2D, V30.2D;
0x402c1c;:0;LDR	Q24, [X1, X0];
0x402c20;:0;LDR	X1, [X29, #1224];
0x402c24;:0;FMLA	V0.2D, V9.2D, V30.2D;
0x402c28;:0;LDR	Q30, [X21, X0];
0x402c2c;:0;FMUL	V30.2D, V24.2D, V30.2D;
0x402c30;:0;LDR	Q24, [X1, X0];
0x402c34;:0;LDR	X1, [X29, #1216];
0x402c38;:0;FMLA	V0.2D, V9.2D, V30.2D;
0x402c3c;:0;LDR	Q30, [X20, X0];
0x402c40;:0;FMUL	V30.2D, V24.2D, V30.2D;
0x402c44;:0;LDR	Q24, [X1, X0];
0x402c48;:0;FMLA	V0.2D, V9.2D, V30.2D;
0x402c4c;:0;LDR	Q30, [X19, X0];
0x402c50;:0;LDR	X1, [X29, #1208];
0x402c54;:0;FMLA	V0.2D, V8.2D, V15.2D;
0x402c58;:0;FMUL	V24.2D, V24.2D, V30.2D;
0x402c5c;:0;LDR	Q30, [X18, X0];
0x402c60;:0;FMLA	V0.2D, V8.2D, V20.2D;
0x402c64;:0;FMLA	V0.2D, V8.2D, V24.2D;
0x402c68;:0;LDR	Q24, [X1, X0];
0x402c6c;:0;LDR	X1, [X29, #1200];
0x402c70;:0;FMUL	V30.2D, V24.2D, V30.2D;
0x402c74;:0;LDR	Q24, [X1, X0];
0x402c78;:0;LDR	X1, [X29, #1192];
0x402c7c;:0;FMLA	V0.2D, V8.2D, V30.2D;
0x402c80;:0;LDR	Q30, [X17, X0];
0x402c84;:0;FMUL	V30.2D, V24.2D, V30.2D;
0x402c88;:0;LDR	Q24, [X1, X0];
0x402c8c;:0;LDR	X1, [X29, #1000];
0x402c90;:0;FMLA	V0.2D, V8.2D, V30.2D;
0x402c94;:0;LDR	Q30, [X16, X0];
0x402c98;:0;FMUL	V30.2D, V24.2D, V30.2D;
0x402c9c;:0;LDR	Q24, [X15, X0];
0x402ca0;:0;FMLA	V0.2D, V8.2D, V30.2D;
0x402ca4;:0;LDR	Q30, [X29, #1328];
0x402ca8;:0;FMLA	V0.2D, V18.2D, V7.2D;
0x402cac;:0;FMUL	V24.2D, V30.2D, V24.2D;
0x402cb0;:0;LDR	Q30, [X6, X0];
0x402cb4;:0;FMLA	V0.2D, V29.2D, V7.2D;
0x402cb8;:0;FMLA	V0.2D, V24.2D, V7.2D;
0x402cbc;:0;LDR	Q24, [X29, #1456];
0x402cc0;:0;FMLA	V0.2D, V17.2D, V7.2D;
0x402cc4;:0;LDR	Q17, [X29, #1424];
0x402cc8;:0;FMLA	V0.2D, V14.2D, V7.2D;
0x402ccc;:0;LDR	Q14, [X29, #1408];
0x402cd0;:0;FMLA	V0.2D, V13.2D, V7.2D;
0x402cd4;:0;LDR	Q13, [X29, #1392];
0x402cd8;:0;FMLA	V0.2D, V31.2D, V6.2D;
0x402cdc;:0;FMLA	V0.2D, V21.2D, V6.2D;
0x402ce0;:0;FMLA	V0.2D, V12.2D, V6.2D;
0x402ce4;:0;LDR	Q12, [X29, #1360];
0x402ce8;:0;FMLA	V0.2D, V11.2D, V6.2D;
0x402cec;:0;LDR	Q11, [X29, #1344];
0x402cf0;:0;FMLA	V0.2D, V11.2D, V6.2D;
0x402cf4;:0;LDR	Q11, [X1, X0];
0x402cf8;:0;LDR	X1, [X29, #984];
0x402cfc;:0;FMLA	V0.2D, V12.2D, V6.2D;
0x402d00;:0;LDR	Q12, [X3, X0];
0x402d04;:0;FMUL	V30.2D, V11.2D, V30.2D;
0x402d08;:0;FMLA	V0.2D, V25.2D, V5.2D;
0x402d0c;:0;FMLA	V0.2D, V23.2D, V5.2D;
0x402d10;:0;ORR	V23.16B, V29.16B, V29.16B;
0x402d14;:0;ORR	V29.16B, V28.16B, V28.16B;
0x402d18;:0;ORR	V28.16B, V27.16B, V27.16B;
0x402d1c;:0;ORR	V27.16B, V26.16B, V26.16B;
0x402d20;:0;ORR	V26.16B, V18.16B, V18.16B;
0x402d24;:0;ORR	V18.16B, V25.16B, V25.16B;
0x402d28;:0;LDR	Q25, [X29, #1376];
0x402d2c;:0;FMLA	V0.2D, V25.2D, V5.2D;
0x402d30;:0;ORR	V25.16B, V1.16B, V1.16B;
0x402d34;:0;FMLA	V0.2D, V13.2D, V5.2D;
0x402d38;:0;LDR	Q13, [X2, X0];
0x402d3c;:0;FMLA	V0.2D, V14.2D, V5.2D;
0x402d40;:0;LDR	Q14, [X1, X0];
0x402d44;:0;LDR	X1, [X29, #976];
0x402d48;:0;FMUL	V12.2D, V12.2D, V13.2D;
0x402d4c;:0;FMLA	V0.2D, V17.2D, V5.2D;
0x402d50;:0;LDR	Q17, [X1, X0];
0x402d54;:0;LDR	X1, [X29, #968];
0x402d58;:0;FMLA	V0.2D, V2.2D, V4.2D;
0x402d5c;:0;FMUL	V14.2D, V14.2D, V17.2D;
0x402d60;:0;LDR	Q13, [X1, X0];
0x402d64;:0;FMLA	V0.2D, V22.2D, V4.2D;
0x402d68;:0;ORR	V22.16B, V21.16B, V21.16B;
0x402d6c;:0;ORR	V21.16B, V20.16B, V20.16B;
0x402d70;:0;ORR	V20.16B, V19.16B, V19.16B;
0x402d74;:0;ORR	V19.16B, V16.16B, V16.16B;
0x402d78;:0;ORR	V16.16B, V15.16B, V15.16B;
0x402d7c;:0;ORR	V15.16B, V31.16B, V31.16B;
0x402d80;:0;ORR	V31.16B, V2.16B, V2.16B;
0x402d84;:0;LDR	Q2, [X29, #1440];
0x402d88;:0;FMLA	V0.2D, V2.2D, V4.2D;
0x402d8c;:0;LDR	Q2, [X22, X0];
0x402d90;:0;FMLA	V0.2D, V24.2D, V4.2D;
0x402d94;:0;LDR	Q24, [X23, X0];
0x402d98;:0;LDR	Q11, [X24, X0];
0x402d9c;:0;FMUL	V17.2D, V13.2D, V2.2D;
0x402da0;:0;LDR	Q2, [X29, #1472];
0x402da4;:0;LDR	X1, [X29, #960];
0x402da8;:0;FMUL	V13.2D, V24.2D, V11.2D;
0x402dac;:0;LDR	Q24, [X27, X0];
0x402db0;:0;FMLA	V0.2D, V2.2D, V4.2D;
0x402db4;:0;FMLA	V0.2D, V4.2D, V30.2D;
0x402db8;:0;FMLA	V0.2D, V3.2D, V1.2D;
0x402dbc;:0;LDR	Q1, [X1, X0];
0x402dc0;:0;LDR	X1, [X29, #1312];
0x402dc4;:0;FMLA	V0.2D, V3.2D, V12.2D;
0x402dc8;:0;FMUL	V30.2D, V24.2D, V1.2D;
0x402dcc;:0;FMLA	V0.2D, V3.2D, V14.2D;
0x402dd0;:0;FMLA	V0.2D, V3.2D, V17.2D;
0x402dd4;:0;FMLA	V0.2D, V3.2D, V13.2D;
0x402dd8;:0;FMLA	V0.2D, V3.2D, V30.2D;
0x402ddc;:0;STR	Q0, [X1, X0];
0x402de0;:0;ADD	X0, X0, #16;
0x402de4;:0;B.HI	402a30 <_Z13one_iterationv._omp_fn.0+0x10f0>;
